{
    "identityPoolName": "emotifydbf20a8c_identitypool_dbf20a8c",
    "allowUnauthenticatedIdentities": true,
    "resourceNameTruncated": "emotifdbf20a8c",
    "userPoolName": "emotifydbf20a8c_userpool_dbf20a8c",
    "autoVerifiedAttributes": [
        "email"
    ],
    "mfaConfiguration": "OFF",
    "mfaTypes": [
        "SMS Text Message"
    ],
    "smsAuthenticationMessage": "Your authentication code is {####}",
    "smsVerificationMessage": "Your verification code is {####}",
    "emailVerificationSubject": "Your verification code",
    "emailVerificationMessage": "Your verification code is {####}",
    "defaultPasswordPolicy": false,
    "passwordPolicyMinLength": 8,
    "passwordPolicyCharacters": [],
    "requiredAttributes": [
        "email"
    ],
    "userpoolClientGenerateSecret": true,
    "userpoolClientRefreshTokenValidity": 30,
    "userpoolClientWriteAttributes": [
        "email"
    ],
    "userpoolClientReadAttributes": [
        "email"
    ],
    "userpoolClientLambdaRole": "emotifdbf20a8c_userpoolclient_lambda_role",
    "userpoolClientSetAttributes": false,
    "sharedId": "dbf20a8c",
    "resourceName": "emotifydbf20a8c",
    "authSelections": "identityPoolAndUserPool",
    "authRoleArn": {
        "Fn::GetAtt": [
            "AuthRole",
            "Arn"
        ]
    },
    "unauthRoleArn": {
        "Fn::GetAtt": [
            "UnauthRole",
            "Arn"
        ]
    },
    "useDefault": "default",
    "usernameAttributes": [
        "email"
    ],
    "userPoolGroupList": [],
    "dependsOn": []
}